{"dport":{"name":"Dan Port","password":"portspassword","email":"dport@hawaii.edu"},"kazman":{"name":"Rick Kazman","password":"kazmanpassword","email":"kazman@hawaii.edu"},"itm352":{"name":"ITM 352","password":"grader","email":"itm352@hawaii.edu"},"newuser":{"password":"newpass","email":"newuser@user.com"},"user1":{"email":"jonovanl98@gmail.com","password":"jonovanl"},"monkey":{"password":"monkey","email":"monkey@gmail.com"},"helloworld":{"name":"world","password":"helloworld","email":"helloworld@gmail.com"},"Kpop":{"name":"kpop","password":"kpoplover","email":"kpoplover@hotmail.com"},"edm":{"name":"edm","password":"edmlover","email":"edmlover@gmail.com"}}